feature,gain,split
synoptic__depression_mslp_anomaly_hpa,2537.618204746337,205
spatial__era5_msl_mean__central_india__area_weighted_mean,2136.8212398290634,88
synoptic__trough_latitude_departure,1333.1911029083785,150
synoptic__trough_mean_latitude,1323.669154010202,149
synoptic__orographic_ghats_zonal_flux,1043.771047770977,78
spatial__era5_msl_mean__depression_track__area_weighted_mean,376.0573382973671,21
spatial__era5_wind_speed__arabian_sea_gateway__area_weighted_mean,350.01802156004123,82
spatial__era5_u10_mean__western_ghats__area_weighted_mean,210.99382105469704,82
spatial__gfs_wind_speed__domain__area_weighted_mean,205.1168361902237,16
spatial__gfs_wind_speed__western_ghats__area_weighted_mean,196.17807802557945,7
spatial__gfs_pwat_mean__himalayan_foothills__area_weighted_mean,183.3378271535039,35
spatial__gfs_10v_mean__arabian_sea_gateway__area_weighted_mean,179.24857941340997,60
spatial__gfs_10v_mean__central_india__area_weighted_mean,156.50846864731284,52
spatial__gfs_tp_24h__arabian_sea_gateway__area_weighted_mean,147.70916680712253,61
spatial__gfs_10u_mean__arabian_sea_gateway__area_weighted_mean,136.82002335600555,26
spatial__gfs_tp_24h__central_india__area_weighted_mean,134.33179184794426,72
spatial__gfs_10u_mean__northwest_india__area_weighted_mean,130.36232088440738,36
spatial__era5_tcwv_mean__arabian_sea_gateway__area_weighted_mean,112.36815762519836,46
spatial__era5_u10_mean__northwest_india__area_weighted_mean,109.58101010322571,16
spatial__gfs_pwat_mean__domain__area_weighted_mean,105.70472778448311,53
spatial__era5_u10_mean__domain__area_weighted_mean,94.65329186618328,46
spatial__era5_d2m_mean__western_ghats__area_weighted_mean,93.26377401605714,42
spatial__gfs_2t_mean__himalayan_foothills__area_weighted_mean,85.71289214491844,20
spatial__era5_u10_mean__central_india__area_weighted_mean,83.17929675598862,40
spatial__gfs_prmsl_mean__central_india__area_weighted_mean,81.62112417817116,28
spatial__gfs_prmsl_mean__depression_track__area_weighted_mean,78.67745876312256,21
spatial__gfs_10v_mean__himalayan_foothills__area_weighted_mean,71.69653431611732,63
spatial__gfs_10v_mean__domain__area_weighted_mean,67.83292399346828,26
spatial__era5_v10_mean__himalayan_foothills__area_weighted_mean,57.41946983337402,12
spatial__gfs_prmsl_mean__himalayan_foothills__area_weighted_mean,55.61490094661713,6
spatial__gfs_10v_mean__northwest_india__area_weighted_mean,54.177919276058674,23
spatial__gfs_2d_mean__domain__area_weighted_mean,51.27769947052002,3
spatial__gfs_2d_mean__himalayan_foothills__area_weighted_mean,46.200788378715515,12
spatial__era5_tcwv_mean__depression_track__area_weighted_mean,43.340706132312334,11
synoptic__mfc_central_india_mean_mm_day,39.41081812977791,14
spatial__era5_t2m_mean__arabian_sea_gateway__area_weighted_mean,38.53369617462158,23
spatial__gfs_10u_mean__depression_track__area_weighted_mean,37.48337534070015,10
spatial__era5_msl_mean__arabian_sea_gateway__area_weighted_mean,37.387278228998184,27
spatial__era5_t2m_mean__western_ghats__area_weighted_mean,33.52132314443588,23
spatial__gfs_tp_24h__depression_track__area_weighted_mean,33.29817408323288,10
spatial__gfs_tp_24h__himalayan_foothills__area_weighted_mean,32.75766797346296,39
synoptic__low_latitude_kinetic_energy,31.780799865722656,1
spatial__era5_u10_mean__arabian_sea_gateway__area_weighted_mean,25.45529806613922,13
spatial__era5_u10_mean__himalayan_foothills__area_weighted_mean,24.183549166951707,23
spatial__era5_tcwv_mean__western_ghats__area_weighted_mean,23.293179988861084,5
spatial__era5_v10_mean__arabian_sea_gateway__area_weighted_mean,22.584803640842438,15
spatial__gfs_2d_mean__depression_track__area_weighted_mean,22.518772180657834,19
spatial__gfs_pwat_mean__arabian_sea_gateway__area_weighted_mean,21.80219441652298,3
spatial__era5_d2m_mean__northwest_india__area_weighted_mean,19.509419918060303,5
spatial__gfs_2t_mean__western_ghats__area_weighted_mean,19.11956036090851,5
spatial__era5_v10_mean__western_ghats__area_weighted_mean,19.011752004531445,35
spatial__era5_wind_speed__northwest_india__area_weighted_mean,18.237930983304977,25
spatial__gfs_2t_mean__northwest_india__area_weighted_mean,16.946520000696182,7
spatial__gfs_tp_24h__western_ghats__area_weighted_mean,16.474463298916817,9
spatial__era5_msl_mean__western_ghats__area_weighted_mean,15.223827226087451,10
synoptic__domain_mean_pwat_mm,15.040819942951202,4
spatial__era5_wind_speed__depression_track__area_weighted_mean,13.925009461119771,8
spatial__gfs_2t_mean__arabian_sea_gateway__area_weighted_mean,13.78121853779885,32
spatial__era5_tcwv_mean__central_india__area_weighted_mean,13.743211925029755,11
synoptic__mfc_domain_mean_mm_day,12.782759862253442,15
spatial__gfs_10u_mean__himalayan_foothills__area_weighted_mean,12.717337012290955,8
spatial__era5_t2m_mean__depression_track__area_weighted_mean,11.689213067293167,18
synoptic__trough_pressure_gradient_hpa,11.621654919932553,72
spatial__gfs_10v_mean__western_ghats__area_weighted_mean,11.546357855200768,7
spatial__era5_u10_mean__depression_track__area_weighted_mean,11.348573554307222,11
spatial__era5_v10_mean__central_india__area_weighted_mean,10.914161684378996,19
spatial__gfs_10v_mean__depression_track__area_weighted_mean,10.38652913534952,8
spatial__gfs_2d_mean__arabian_sea_gateway__area_weighted_mean,9.933788916715457,36
spatial__era5_t2m_mean__himalayan_foothills__area_weighted_mean,9.02919134486001,15
spatial__gfs_2t_mean__depression_track__area_weighted_mean,7.001008822389849,12
spatial__era5_d2m_mean__central_india__area_weighted_mean,6.929479829457705,26
spatial__gfs_2d_mean__western_ghats__area_weighted_mean,6.435771896969527,8
spatial__gfs_2t_mean__central_india__area_weighted_mean,6.095486425168929,7
spatial__gfs_prmsl_mean__arabian_sea_gateway__area_weighted_mean,5.522179931402206,6
spatial__era5_tcwv_mean__domain__area_weighted_mean,5.492444097995758,3
spatial__era5_d2m_mean__domain__area_weighted_mean,4.245227716863155,12
synoptic__trough_min_pressure_hpa,4.050054348161211,6
spatial__gfs_tp_24h__domain__area_weighted_mean,3.7400100231170654,1
spatial__gfs_10u_mean__central_india__area_weighted_mean,3.6496803346963134,31
spatial__gfs_wind_speed__himalayan_foothills__area_weighted_mean,3.2942830976098776,3
spatial__gfs_prmsl_mean__northwest_india__area_weighted_mean,3.2697128114814404,10
synoptic__nw_india_min_mslp_hpa,3.0630440711975098,2
spatial__gfs_wind_speed__central_india__area_weighted_mean,3.0177740454673767,5
spatial__gfs_pwat_mean__central_india__area_weighted_mean,2.986768551869318,7
spatial__gfs_prmsl_mean__western_ghats__area_weighted_mean,2.60292387692607,13
synoptic__low_latitude_inflow_meridional_ms,1.9781099557876587,1
spatial__era5_wind_speed__western_ghats__area_weighted_mean,1.5734299421310425,1
spatial__era5_d2m_mean__depression_track__area_weighted_mean,1.5607382595990202,36
spatial__gfs_10u_mean__western_ghats__area_weighted_mean,1.4902176186442375,4
synoptic__depression_max_vorticity_s1,1.3678402435980388,59
spatial__gfs_2d_mean__central_india__area_weighted_mean,1.2395170032978058,3
spatial__gfs_pwat_mean__depression_track__area_weighted_mean,1.2154842865420505,4
spatial__era5_wind_speed__domain__area_weighted_mean,1.1261619925498962,2
spatial__era5_wind_speed__central_india__area_weighted_mean,1.0582000017166138,1
spatial__gfs_wind_speed__depression_track__area_weighted_mean,0.868349015712738,1
spatial__era5_v10_mean__northwest_india__area_weighted_mean,0.7057874626334524,4
spatial__era5_tcwv_mean__himalayan_foothills__area_weighted_mean,0.6794896945357323,4
spatial__era5_d2m_mean__himalayan_foothills__area_weighted_mean,0.670989990234375,4
spatial__era5_wind_speed__himalayan_foothills__area_weighted_mean,0.6022522784769535,3
spatial__gfs_pwat_mean__northwest_india__area_weighted_mean,0.4810368064790964,14
spatial__gfs_tp_24h__northwest_india__area_weighted_mean,0.3570230007171631,3
spatial__gfs_prmsl_mean__domain__area_weighted_mean,0.25815901160240884,2
spatial__gfs_2d_mean__northwest_india__area_weighted_mean,0.2512112036347389,4
spatial__era5_t2m_mean__central_india__area_weighted_mean,0.1681032906199107,24
spatial__era5_v10_mean__depression_track__area_weighted_mean,0.15716660022735596,4
spatial__era5_d2m_mean__arabian_sea_gateway__area_weighted_mean,0.00019720050477189943,5
spatial__gfs_wind_speed__arabian_sea_gateway__area_weighted_mean,0.0,0
spatial__era5_msl_mean__domain__area_weighted_mean,0.0,0
spatial__gfs_2t_mean__domain__area_weighted_mean,0.0,0
spatial__gfs_10u_mean__domain__area_weighted_mean,0.0,0
spatial__era5_t2m_mean__domain__area_weighted_mean,0.0,0
spatial__era5_v10_mean__domain__area_weighted_mean,0.0,0
spatial__gfs_pwat_mean__western_ghats__area_weighted_mean,0.0,0
spatial__era5_t2m_mean__northwest_india__area_weighted_mean,0.0,0
spatial__era5_tcwv_mean__northwest_india__area_weighted_mean,0.0,0
spatial__gfs_wind_speed__northwest_india__area_weighted_mean,0.0,0
spatial__era5_msl_mean__northwest_india__area_weighted_mean,0.0,0
spatial__era5_msl_mean__himalayan_foothills__area_weighted_mean,0.0,0
synoptic__low_latitude_inflow_zonal_ms,0.0,0
synoptic__low_latitude_inflow_speed_ms,0.0,0
synoptic__nw_india_mean_pwat_mm,0.0,0
synoptic__domain_mean_mslp_hpa,0.0,0
